pos_idx,reference_pos,mod_rate
0,1550,0.046222
1,1549,0.010039
2,1548,0.013913
3,1547,0.010993
4,1546,0.036510
5,1545,0.042516
6,1544,0.049412
7,1543,0.069256
8,1542,0.010956
9,1541,0.016644
10,1540,0.051440
11,1539,0.007717
12,1538,0.014996
13,1537,0.012340
14,1536,0.019539
15,1535,0.014481
16,1534,0.010223
17,1533,0.012945
18,1532,0.013521
19,1531,0.004411
20,1530,0.015364
21,1529,0.009682
22,1528,0.007173
23,1527,0.029090
24,1526,0.010028
25,1525,0.018563
26,1524,0.011613
27,1523,0.043606
28,1522,0.019492
29,1521,0.025434
30,1520,0.007937
31,1519,0.016522
32,1518,0.011213
33,1517,0.011357
34,1516,0.012860
35,1515,0.034069
36,1514,0.035422
37,1513,0.024233
38,1512,0.011465
39,1511,0.012447
40,1510,0.082834
41,1509,0.023507
42,1508,0.021845
43,1507,0.029927
44,1506,0.038166
45,1505,0.026336
46,1504,0.039095
47,1503,0.008822
48,1502,0.014927
49,1501,0.026539
50,1500,0.025421
51,1499,0.025664
52,1498,0.025423
53,1497,0.012791
54,1496,0.008647
55,1495,0.011794
56,1494,0.008413
57,1493,0.010347
58,1492,0.028166
59,1491,0.012264
60,1490,0.013517
61,1489,0.011603
62,1488,0.009791
63,1487,0.014154
64,1486,0.022734
65,1485,0.015303
66,1484,0.006708
67,1483,0.013039
68,1482,0.011658
69,1481,0.014525
70,1480,0.003250
71,1479,0.010344
72,1478,0.006610
73,1477,0.009259
74,1476,0.007456
75,1475,0.009593
76,1474,0.014754
77,1473,0.014903
78,1472,0.020059
79,1471,0.019878
80,1470,0.019852
81,1469,0.028756
82,1468,0.012726
83,1467,0.012142
84,1466,0.016507
85,1465,0.013765
86,1464,0.009514
87,1463,0.037092
88,1462,0.041266
89,1461,0.090505
90,1460,0.058393
91,1459,0.052162
92,1458,0.045923
93,1457,0.044664
94,1456,0.054410
95,1455,0.045420
96,1454,0.038428
97,1453,0.043988
98,1452,0.011403
99,1451,0.022240
100,1450,0.042759
101,1449,0.030727
102,1448,0.039648
103,1447,0.026690
104,1446,0.013898
105,1445,0.025360
106,1444,0.017947
107,1443,0.005670
108,1442,0.008824
109,1441,0.015269
110,1440,0.008568
111,1439,0.008713
112,1438,0.010617
113,1437,0.010129
114,1436,0.008395
115,1435,0.009390
116,1434,0.010704
117,1433,0.008456
118,1432,0.008424
119,1431,0.006142
120,1430,0.006950
121,1429,0.013353
122,1428,0.005825
123,1427,0.005133
124,1426,0.009553
125,1425,0.007627
126,1424,0.009958
127,1423,0.013685
128,1422,0.020577
129,1421,0.008084
130,1420,0.011270
131,1419,0.012073
132,1418,0.046655
133,1417,0.065346
134,1416,0.019565
135,1415,0.019289
136,1414,0.035590
137,1413,0.008995
138,1412,0.027841
139,1411,0.028606
140,1410,0.016004
141,1409,0.026920
142,1408,0.018174
143,1407,0.019445
144,1406,0.033559
145,1405,0.023469
146,1404,0.033605
147,1403,0.022018
148,1402,0.038174
149,1401,0.052967
150,1400,0.044440
151,1399,0.031059
152,1398,0.048273
153,1397,0.022050
154,1396,0.014007
155,1395,0.013929
156,1394,0.012890
157,1393,0.009215
158,1392,0.010452
159,1391,0.017998
160,1390,0.017736
161,1389,0.018382
162,1388,0.028249
163,1387,0.028147
164,1386,0.013736
165,1385,0.014208
166,1384,0.021727
167,1383,0.006677
168,1382,0.018187
169,1381,0.011228
170,1380,0.016674
171,1379,0.012051
172,1378,0.015063
173,1377,0.016207
174,1376,0.006169
175,1375,0.012671
176,1374,0.023086
177,1373,0.018736
178,1372,0.018090
179,1371,0.016466
180,1370,0.013962
181,1369,0.008986
182,1368,0.014197
183,1367,0.006635
184,1366,0.011216
185,1365,0.015523
186,1364,0.010517
187,1363,0.017275
188,1362,0.011338
189,1361,0.007602
190,1360,0.012541
191,1359,0.011546
192,1358,0.006294
193,1357,0.014370
194,1356,0.016359
195,1355,0.016174
196,1354,0.021105
197,1353,0.016680
198,1352,0.013263
199,1351,0.014855
200,1350,0.016469
201,1349,0.010036
202,1348,0.021598
203,1347,0.022714
204,1346,0.008734
205,1345,0.013557
206,1344,0.012330
207,1343,0.030440
208,1342,0.009893
209,1341,0.010488
210,1340,0.007275
211,1339,0.005900
212,1338,0.017650
213,1337,0.012330
214,1336,0.014367
215,1335,0.005997
216,1334,0.014021
217,1333,0.011208
218,1332,0.015049
219,1331,0.010560
220,1330,0.010455
221,1329,0.008778
222,1328,0.012562
223,1327,0.013196
224,1326,0.007685
225,1325,0.011055
226,1324,0.018388
227,1323,0.013692
228,1322,0.021195
229,1321,0.011757
230,1320,0.010795
231,1319,0.034591
232,1318,0.013099
233,1317,0.014983
234,1316,0.014108
235,1315,0.020796
236,1314,0.027737
237,1313,0.009242
238,1312,0.018331
239,1311,0.018509
240,1310,0.026108
241,1309,0.013455
242,1308,0.014614
243,1307,0.019157
244,1306,0.126668
245,1305,0.063202
246,1304,0.235768
247,1303,0.038783
248,1302,0.030455
249,1301,0.015471
250,1300,0.008415
251,1299,0.015791
252,1298,0.011492
253,1297,0.007330
254,1296,0.013073
255,1295,0.015912
256,1294,0.013336
257,1293,0.011018
258,1292,0.011089
259,1291,0.021175
260,1290,0.012607
261,1289,0.020303
262,1288,0.014836
263,1287,0.018749
264,1286,0.034918
265,1285,0.019288
266,1284,0.009961
267,1283,0.010838
268,1282,0.009323
269,1281,0.019567
270,1280,0.021199
271,1279,0.003809
272,1278,0.018594
273,1277,0.009242
274,1276,0.010735
275,1275,0.029078
276,1274,0.011558
277,1273,0.019721
278,1272,0.013417
279,1271,0.014389
280,1270,0.011628
281,1269,0.012854
282,1268,0.005846
283,1267,0.022789
284,1266,0.069912
285,1265,0.022963
286,1264,0.007440
287,1263,0.018048
288,1262,0.009356
289,1261,0.008595
290,1260,0.002960
291,1259,0.008509
292,1258,0.011785
293,1257,0.010698
294,1256,0.010802
295,1255,0.014799
296,1254,0.013951
297,1253,0.008964
298,1252,0.018990
299,1251,0.011927
300,1250,0.009269
301,1249,0.018859
302,1248,0.017488
303,1247,0.015520
304,1246,0.025598
305,1245,0.014783
306,1244,0.013022
307,1243,0.007458
308,1242,0.018346
309,1241,0.032844
310,1240,0.043650
311,1239,0.001267
312,1238,0.013737
313,1237,0.011164
314,1236,0.047111
315,1235,0.022217
316,1234,0.028722
317,1233,0.018284
318,1232,0.012017
319,1231,0.044673
320,1230,0.014388
321,1229,0.009648
322,1228,0.012382
323,1227,0.014655
324,1226,0.025300
325,1225,0.015408
326,1224,0.016612
327,1223,0.012307
328,1222,0.043069
329,1221,0.039837
330,1220,0.039521
331,1219,0.034272
332,1218,0.027649
333,1217,0.054590
334,1216,0.036676
335,1215,0.036574
336,1214,0.029461
337,1213,0.020166
338,1212,0.023905
339,1211,0.026135
340,1210,0.014146
341,1209,0.051251
342,1208,0.031953
343,1207,0.031906
344,1206,0.017011
345,1205,0.022706
346,1204,0.028508
347,1203,0.031840
348,1202,0.018452
349,1201,0.015485
350,1200,0.012738
351,1199,0.007552
352,1198,0.025478
353,1197,0.030209
354,1196,0.028859
355,1195,0.003989
356,1194,0.015793
357,1193,0.009105
358,1192,0.010275
359,1191,0.028367
360,1190,0.016997
361,1189,0.013513
362,1188,0.003452
363,1187,0.014538
364,1186,0.010049
365,1185,0.013182
366,1184,0.005011
367,1183,0.010971
368,1182,0.020552
369,1181,0.011069
370,1180,0.023100
371,1179,0.034485
372,1178,0.037624
373,1177,0.020404
374,1176,0.037934
375,1175,0.037847
376,1174,0.024903
377,1173,0.048599
378,1172,0.055771
379,1171,0.023859
380,1170,0.012290
381,1169,0.005000
382,1168,0.021632
383,1167,0.010998
384,1166,0.007610
385,1165,0.012147
386,1164,0.004399
387,1163,0.019385
388,1162,0.008074
389,1161,0.010921
390,1160,0.003927
391,1159,0.010989
392,1158,0.016092
393,1157,0.008427
394,1156,0.008745
395,1155,0.009860
396,1154,0.017206
397,1153,0.010015
398,1152,0.014296
399,1151,0.015625
400,1150,0.013219
401,1149,0.016989
402,1148,0.016583
403,1147,0.011118
404,1146,0.019201
405,1145,0.015227
406,1144,0.011482
407,1143,0.010971
408,1142,0.026924
409,1141,0.014633
410,1140,0.021767
411,1139,0.005773
412,1138,0.009926
413,1137,0.018331
414,1136,0.015577
415,1135,0.016670
416,1134,0.017441
417,1133,0.005678
418,1132,0.005852
419,1131,0.011543
420,1130,0.019480
421,1129,0.011171
422,1128,0.010553
423,1127,0.020724
424,1126,0.014892
425,1125,0.015092
426,1124,0.018229
427,1123,0.022553
428,1122,0.020198
429,1121,0.038051
430,1120,0.032334
431,1119,0.024448
432,1118,0.025071
433,1117,0.013447
434,1116,0.036474
435,1115,0.026794
436,1114,0.025001
437,1113,0.013884
438,1112,0.022229
439,1111,0.029526
440,1110,0.020245
441,1109,0.020778
442,1108,0.014142
443,1107,0.018273
444,1106,0.016479
445,1105,0.087746
446,1104,0.072196
447,1103,0.028148
448,1102,0.062934
449,1101,0.021283
450,1100,0.027731
451,1099,0.045202
452,1098,0.037929
453,1097,0.020127
454,1096,0.020044
455,1095,0.014530
456,1094,0.043318
457,1093,0.029624
458,1092,0.035874
459,1091,0.029085
460,1090,0.021080
461,1089,0.024585
462,1088,0.018510
463,1087,0.015440
464,1086,0.019771
465,1085,0.018936
466,1084,0.019566
467,1083,0.035296
468,1082,0.069742
469,1081,0.023745
470,1080,0.029326
471,1079,0.012261
472,1078,0.014503
473,1077,0.023415
474,1076,0.020765
475,1075,0.010210
476,1074,0.030842
477,1073,0.010584
478,1072,0.012138
479,1071,0.008252
480,1070,0.018806
481,1069,0.013592
482,1068,0.042629
483,1067,0.011632
484,1066,0.019906
485,1065,0.021224
486,1064,0.014941
487,1063,0.015204
488,1062,0.034408
489,1061,0.027864
490,1060,0.012007
491,1059,0.019587
492,1058,0.033435
493,1057,0.005821
494,1056,0.019752
495,1055,0.005161
496,1054,0.017518
497,1053,0.012724
498,1052,0.014750
499,1051,0.024311
500,1050,0.013189
501,1049,0.012384
502,1048,0.010208
503,1047,0.009533
504,1046,0.008601
505,1045,0.011676
506,1044,0.007018
507,1043,0.010761
508,1042,0.009048
509,1041,0.010306
510,1040,0.055024
511,1039,0.012590
512,1038,0.011494
513,1037,0.012558
514,1036,0.015662
515,1035,0.019692
516,1034,0.017001
517,1033,0.025491
518,1032,0.014709
519,1031,0.020144
520,1030,0.010350
521,1029,0.011097
522,1028,0.014600
523,1027,0.006434
524,1026,0.014955
525,1025,0.034458
526,1024,0.010025
527,1023,0.008821
528,1022,0.010671
529,1021,0.009646
530,1020,0.018294
531,1019,0.014951
532,1018,0.011139
533,1017,0.014258
534,1016,0.026034
535,1015,0.011578
536,1014,0.018022
537,1013,0.026822
538,1012,0.014598
539,1011,0.015891
540,1010,0.022876
541,1009,0.020547
542,1008,0.015864
543,1007,0.012275
544,1006,0.018552
545,1005,0.036384
546,1004,0.016849
547,1003,0.021298
548,1002,0.020014
549,1001,0.026273
550,1000,0.038607
551,999,0.027155
552,998,0.016512
553,997,0.011049
554,996,0.014427
555,995,0.009027
556,994,0.013611
557,993,0.015362
558,992,0.014688
559,991,0.019401
560,990,0.019353
561,989,0.009270
562,988,0.014543
563,987,0.047305
564,986,0.023623
565,985,0.015942
566,984,0.006663
567,983,0.014145
568,982,0.016523
569,981,0.017679
570,980,0.028339
571,979,0.036354
572,978,0.069930
573,977,0.039052
574,976,0.077192
575,975,0.007752
576,974,0.015303
577,973,0.013941
578,972,0.005191
579,971,0.013599
580,970,0.016702
581,969,0.010473
582,968,0.011654
583,967,0.019474
584,966,0.016553
585,965,0.015060
586,964,0.016704
587,963,0.005842
588,962,0.022114
589,961,0.012892
590,960,0.005171
591,959,0.017047
592,958,0.009112
593,957,0.011157
594,956,0.009444
595,955,0.011518
596,954,0.008358
597,953,0.017758
598,952,0.013664
599,951,0.010391
600,950,0.014217
601,949,0.009181
602,948,0.002301
603,947,0.013745
604,946,0.011782
605,945,0.010760
606,944,0.009270
607,943,0.021614
608,942,0.018308
609,941,0.015688
610,940,0.016737
611,939,0.017849
612,938,0.017131
613,937,0.018258
614,936,0.015323
615,935,0.014935
616,934,0.017981
617,933,0.026938
618,932,0.036604
619,931,0.020245
620,930,0.013904
621,929,0.042992
622,928,0.057985
623,927,0.038894
624,926,0.009922
625,925,0.029115
626,924,0.023579
627,923,0.016707
628,922,0.026997
629,921,0.021300
630,920,0.015071
631,919,0.031229
632,918,0.016888
633,917,0.028771
634,916,0.024037
635,915,0.012908
636,914,0.017433
637,913,0.024519
638,912,0.014679
639,911,0.016876
640,910,0.024882
641,909,0.020534
642,908,0.020181
643,907,0.013098
644,906,0.011404
645,905,0.015121
646,904,0.011848
647,903,0.019980
648,902,0.012624
649,901,0.011770
650,900,0.014232
651,899,0.007843
652,898,0.029489
653,897,0.021006
654,896,0.020823
655,895,0.013627
656,894,0.018184
657,893,0.017398
658,892,0.024304
659,891,0.020715
660,890,0.022487
661,889,0.018509
662,888,0.013307
663,887,0.016220
664,886,0.012963
665,885,0.008981
666,884,0.011972
667,883,0.010566
668,882,0.012670
669,881,0.015829
670,880,0.016972
671,879,0.026168
672,878,0.032305
673,877,0.022093
674,876,0.017606
675,875,0.014817
676,874,0.018353
677,873,0.020474
678,872,0.015832
679,871,0.013794
680,870,0.015146
681,869,0.021987
682,868,0.012796
683,867,0.013016
684,866,0.012885
685,865,0.013421
686,864,0.023533
687,863,0.023049
688,862,0.020752
689,861,0.027273
690,860,0.020636
691,859,0.011954
692,858,0.017207
693,857,0.012433
694,856,0.026113
695,855,0.019575
696,854,0.026008
697,853,0.022792
698,852,0.033600
699,851,0.084569
700,850,0.040848
701,849,0.053045
702,848,0.065258
703,847,0.014241
704,846,0.009477
705,845,0.013137
706,844,0.012928
707,843,0.026100
708,842,0.024700
709,841,0.019989
710,840,0.010882
711,839,0.027992
712,838,0.007698
713,837,0.019300
714,836,0.014958
715,835,0.017526
716,834,0.015062
717,833,0.021232
718,832,0.018265
719,831,0.004198
720,830,0.019424
721,829,0.014094
722,828,0.018841
723,827,0.034286
724,826,0.019033
725,825,0.018085
726,824,0.044440
727,823,0.021472
728,822,0.014529
729,821,0.019373
730,820,0.024828
731,819,0.017190
732,818,0.016615
733,817,0.011920
734,816,0.020601
735,815,0.014518
736,814,0.014915
737,813,0.010093
738,812,0.020171
739,811,0.017266
740,810,0.009809
741,809,0.044859
742,808,0.020754
743,807,0.015726
744,806,0.015420
745,805,0.017412
746,804,0.012301
747,803,0.028762
748,802,0.027226
749,801,0.043601
750,800,0.081508
751,799,0.017095
752,798,0.039657
753,797,0.043758
754,796,0.017645
755,795,0.034423
756,794,0.017422
757,793,0.021659
758,792,0.008173
759,791,0.021050
760,790,0.019998
761,789,0.023379
762,788,0.013580
763,787,0.025996
764,786,0.033188
765,785,0.029513
766,784,0.010618
767,783,0.017793
768,782,0.012179
769,781,0.015468
770,780,0.013984
771,779,0.006340
772,778,0.019731
773,777,0.005686
774,776,0.017011
775,775,0.019734
776,774,0.017663
777,773,0.009179
778,772,0.018585
779,771,0.012179
780,770,0.017102
781,769,0.006032
782,768,0.014592
783,767,0.010075
784,766,0.015201
785,765,0.013830
786,764,0.029395
787,763,0.016949
788,762,0.015273
789,761,0.016231
790,760,0.014711
791,759,0.016082
792,758,0.028981
793,757,0.027440
794,756,0.043600
795,755,0.024886
796,754,0.091965
797,753,0.015176
798,752,0.018922
799,751,0.017781
800,750,0.010556
801,749,0.011977
802,748,0.011535
803,747,0.016533
804,746,0.011494
805,745,0.016992
806,744,0.010279
807,743,0.012005
808,742,0.019708
809,741,0.018022
810,740,0.021423
811,739,0.011881
812,738,0.015586
813,737,0.004070
814,736,0.016407
815,735,0.008943
816,734,0.012479
817,733,0.018919
818,732,0.025136
819,731,0.031339
820,730,0.046301
821,729,0.027537
822,728,0.017303
823,727,0.018635
824,726,0.032078
825,725,0.014817
826,724,0.043893
827,723,0.041015
828,722,0.009854
829,721,0.016067
830,720,0.020152
831,719,0.012174
832,718,0.019993
833,717,0.013957
834,716,0.007529
835,715,0.032219
836,714,0.023128
837,713,0.021839
838,712,0.019501
839,711,0.021040
840,710,0.013378
841,709,0.030000
842,708,0.021065
843,707,0.054840
844,706,0.018705
845,705,0.044257
846,704,0.062057
847,703,0.026151
848,702,0.029322
849,701,0.013607
850,700,0.024612
851,699,0.025732
852,698,0.022462
853,697,0.013120
854,696,0.009816
855,695,0.018928
856,694,0.016789
857,693,0.005327
858,692,0.017618
859,691,0.006005
860,690,0.022441
861,689,0.020007
862,688,0.015531
863,687,0.011971
864,686,0.044526
865,685,0.036586
866,684,0.029066
867,683,0.022912
868,682,0.020970
869,681,0.032037
870,680,0.022062
871,679,0.004288
872,678,0.016223
873,677,0.007920
874,676,0.007981
875,675,0.009444
876,674,0.014477
877,673,0.010971
878,672,0.007622
879,671,0.012969
880,670,0.020705
881,669,0.014735
882,668,0.009626
883,667,0.012881
884,666,0.014300
885,665,0.033405
886,664,0.008876
887,663,0.025847
888,662,0.016422
889,661,0.019208
890,660,0.016250
891,659,0.010636
892,658,0.020356
893,657,0.018067
894,656,0.005474
895,655,0.017631
896,654,0.010696
897,653,0.009683
898,652,0.011368
899,651,0.018235
900,650,0.022494
901,649,0.013745
902,648,0.015032
903,647,0.008932
904,646,0.044760
905,645,0.010938
906,644,0.012465
907,643,0.023038
908,642,0.016482
909,641,0.029545
910,640,0.030550
911,639,0.021895
912,638,0.013823
913,637,0.015865
914,636,0.012029
915,635,0.012326
916,634,0.010177
917,633,0.010286
918,632,0.012483
919,631,0.038750
920,630,0.023008
921,629,0.014749
922,628,0.018757
923,627,0.031093
924,626,0.042445
925,625,0.015907
926,624,0.017282
927,623,0.011980
928,622,0.018233
929,621,0.018147
930,620,0.033158
931,619,0.034944
932,618,0.028902
933,617,0.023494
934,616,0.016938
935,615,0.024514
936,614,0.019386
937,613,0.017457
938,612,0.006615
939,611,0.018477
940,610,0.015665
941,609,0.019060
942,608,0.012185
943,607,0.016411
944,606,0.014788
945,605,0.009313
946,604,0.014999
947,603,0.016287
948,602,0.010884
949,601,0.011276
950,600,0.014242
951,599,0.008417
952,598,0.012353
953,597,0.014002
954,596,0.005585
955,595,0.011571
956,594,0.024786
957,593,0.005418
958,592,0.027052
959,591,0.011727
960,590,0.020014
961,589,0.018767
962,588,0.018272
963,587,0.035123
964,586,0.018924
965,585,0.017692
966,584,0.015687
967,583,0.015971
968,582,0.009546
969,581,0.022030
970,580,0.025419
971,579,0.033580
972,578,0.012401
973,577,0.025344
974,576,0.028552
975,575,0.023007
976,574,0.023296
977,573,0.020423
978,572,0.033885
979,571,0.076608
980,570,0.027781
981,569,0.034950
982,568,0.040943
983,567,0.024045
984,566,0.014478
985,565,0.024941
986,564,0.011963
987,563,0.018737
988,562,0.008626
989,561,0.026100
990,560,0.013508
991,559,0.019537
992,558,0.012378
993,557,0.026597
994,556,0.008682
995,555,0.013451
996,554,0.014125
997,553,0.017253
998,552,0.015885
999,551,0.010968
1000,550,0.015585
1001,549,0.013696
1002,548,0.020192
1003,547,0.005410
1004,546,0.017493
1005,545,0.010936
1006,544,0.017988
1007,543,0.013752
1008,542,0.020394
1009,541,0.030071
1010,540,0.029585
1011,539,0.038741
1012,538,0.035085
1013,537,0.028388
1014,536,0.025393
1015,535,0.019197
1016,534,0.036087
1017,533,0.019332
1018,532,0.028703
1019,531,0.031634
1020,530,0.012344
1021,529,0.017606
1022,528,0.020734
1023,527,0.012355
1024,526,0.019773
1025,525,0.018035
1026,524,0.025203
1027,523,0.015381
1028,522,0.023065
1029,521,0.023642
1030,520,0.017826
1031,519,0.024623
1032,518,0.025568
1033,517,0.017314
1034,516,0.026412
1035,515,0.027790
1036,514,0.022609
1037,513,0.023548
1038,512,0.028509
1039,511,0.013990
1040,510,0.012543
1041,509,0.014092
1042,508,0.011870
1043,507,0.008162
1044,506,0.017731
1045,505,0.021127
1046,504,0.007786
1047,503,0.012145
1048,502,0.009580
1049,501,0.013824
1050,500,0.011545
1051,499,0.012718
1052,498,0.012418
1053,497,0.012363
1054,496,0.015533
1055,495,0.021564
1056,494,0.014369
1057,493,0.009783
1058,492,0.015209
1059,491,0.020916
1060,490,0.021162
1061,489,0.017572
1062,488,0.013316
1063,487,0.013391
1064,486,0.024735
1065,485,0.013454
1066,484,0.014195
1067,483,0.011493
1068,482,0.018954
1069,481,0.029874
1070,480,0.015596
1071,479,0.010556
1072,478,0.008743
1073,477,0.013887
1074,476,0.073986
1075,475,0.016440
1076,474,0.022375
1077,473,0.016518
1078,472,0.008158
1079,471,0.016133
1080,470,0.020322
1081,469,0.015785
1082,468,0.005722
1083,467,0.013177
1084,466,0.005691
1085,465,0.008970
1086,464,0.004966
1087,463,0.003686
1088,462,0.019748
1089,461,0.010045
1090,460,0.029020
1091,459,0.038379
1092,458,0.027185
1093,457,0.010021
1094,456,0.011044
1095,455,0.022735
1096,454,0.008811
1097,453,0.014709
1098,452,0.010674
1099,451,0.010803
1100,450,0.022040
1101,449,0.026307
1102,448,0.011851
1103,447,0.017028
1104,446,0.017244
1105,445,0.030334
1106,444,0.025302
1107,443,0.019541
1108,442,0.014023
1109,441,0.015779
1110,440,0.019042
1111,439,0.016924
1112,438,0.012731
1113,437,0.017886
1114,436,0.024348
1115,435,0.013146
1116,434,0.026512
1117,433,0.025629
1118,432,0.018452
1119,431,0.017249
1120,430,0.025180
1121,429,0.033566
1122,428,0.034264
1123,427,0.023305
1124,426,0.018118
1125,425,0.020887
1126,424,0.020492
1127,423,0.016261
1128,422,0.007372
1129,421,0.016776
1130,420,0.010549
1131,419,0.035284
1132,418,0.082381
1133,417,0.020706
1134,416,0.013871
1135,415,0.053910
1136,414,0.016794
1137,413,0.012494
1138,412,0.014409
1139,411,0.023508
1140,410,0.028009
1141,409,0.007040
1142,408,0.017467
1143,407,0.013389
1144,406,0.011355
1145,405,0.014372
1146,404,0.023576
1147,403,0.026059
1148,402,0.021865
1149,401,0.009711
1150,400,0.017090
1151,399,0.004541
1152,398,0.015726
1153,397,0.026252
1154,396,0.034339
1155,395,0.019693
1156,394,0.016110
1157,393,0.018566
1158,392,0.014411
1159,391,0.015797
1160,390,0.030878
1161,389,0.014089
1162,388,0.021644
1163,387,0.015884
1164,386,0.028267
1165,385,0.017981
1166,384,0.007860
1167,383,0.021005
1168,382,0.016070
1169,381,0.031049
1170,380,0.022215
1171,379,0.015231
1172,378,0.011323
1173,377,0.013741
1174,376,0.013627
1175,375,0.023073
1176,374,0.020905
1177,373,0.028906
1178,372,0.034748
1179,371,0.041810
1180,370,0.022463
1181,369,0.009525
1182,368,0.015990
1183,367,0.014325
1184,366,0.019713
1185,365,0.021936
1186,364,0.002784
1187,363,0.018607
1188,362,0.012176
1189,361,0.014686
1190,360,0.016785
1191,359,0.031127
1192,358,0.015418
1193,357,0.010218
1194,356,0.006842
1195,355,0.010425
1196,354,0.010179
1197,353,0.010143
1198,352,0.060165
1199,351,0.029601
1200,350,0.015523
1201,349,0.011822
1202,348,0.017094
1203,347,0.013900
1204,346,0.024772
1205,345,0.023881
1206,344,0.017358
1207,343,0.024839
1208,342,0.042526
1209,341,0.062277
1210,340,0.025390
1211,339,0.020235
1212,338,0.015792
1213,337,0.032798
1214,336,0.025998
1215,335,0.023281
1216,334,0.034214
1217,333,0.013084
1218,332,0.010664
1219,331,0.011347
1220,330,0.018289
1221,329,0.038905
1222,328,0.034950
1223,327,0.007200
1224,326,0.017006
1225,325,0.013715
1226,324,0.011143
1227,323,0.013575
1228,322,0.015403
1229,321,0.019714
1230,320,0.015967
1231,319,0.020153
1232,318,0.023434
1233,317,0.014731
1234,316,0.014349
1235,315,0.016068
1236,314,0.025191
1237,313,0.027266
1238,312,0.009201
1239,311,0.018092
1240,310,0.018722
1241,309,0.022098
1242,308,0.010657
1243,307,0.010105
1244,306,0.013323
1245,305,0.015646
1246,304,0.014091
1247,303,0.017207
1248,302,0.012294
1249,301,0.022441
1250,300,0.029872
1251,299,0.018744
1252,298,0.012441
1253,297,0.023517
1254,296,0.014191
1255,295,0.018163
1256,294,0.011279
1257,293,0.005770
1258,292,0.016597
1259,291,0.017826
1260,290,0.016663
1261,289,0.017238
1262,288,0.008089
1263,287,0.016956
1264,286,0.029560
1265,285,0.018420
1266,284,0.023785
1267,283,0.012689
1268,282,0.009569
1269,281,0.005382
1270,280,0.015410
1271,279,0.009405
1272,278,0.011372
1273,277,0.009506
1274,276,0.008602
1275,275,0.008692
1276,274,0.024677
1277,273,0.012777
1278,272,0.011621
1279,271,0.016127
1280,270,0.020920
1281,269,0.017325
1282,268,0.022842
1283,267,0.008331
1284,266,0.038032
1285,265,0.010454
1286,264,0.035148
1287,263,0.015123
1288,262,0.015529
1289,261,0.062588
1290,260,0.051334
1291,259,0.040074
1292,258,0.042657
1293,257,0.053281
1294,256,0.032927
1295,255,0.052092
1296,254,0.034123
1297,253,0.027735
1298,252,0.014035
1299,251,0.026791
1300,250,0.033452
1301,249,0.021071
1302,248,0.029504
1303,247,0.018813
1304,246,0.040915
1305,245,0.025462
1306,244,0.026001
1307,243,0.016170
1308,242,0.019718
1309,241,0.008283
1310,240,0.013783
1311,239,0.016115
1312,238,0.010169
1313,237,0.019380
1314,236,0.030556
1315,235,0.018187
1316,234,0.018170
1317,233,0.013711
1318,232,0.014502
1319,231,0.010335
1320,230,0.009679
1321,229,0.010242
1322,228,0.007490
1323,227,0.007406
1324,226,0.012952
1325,225,0.008502
1326,224,0.009197
1327,223,0.010185
1328,222,0.051303
1329,221,0.014227
1330,220,0.021668
1331,219,0.043904
1332,218,0.032048
1333,217,0.024563
1334,216,0.021728
1335,215,0.017476
1336,214,0.012925
1337,213,0.016294
1338,212,0.006371
1339,211,0.015983
1340,210,0.009841
1341,209,0.010338
1342,208,0.011071
1343,207,0.010638
1344,206,0.019598
1345,205,0.012571
1346,204,0.020654
1347,203,0.015796
1348,202,0.008198
1349,201,0.029938
1350,200,0.019216
1351,199,0.017348
1352,198,0.016481
1353,197,0.017769
1354,196,0.020020
1355,195,0.017490
1356,194,0.050403
1357,193,0.030408
1358,192,0.014996
1359,191,0.015606
1360,190,0.019975
1361,189,0.016624
1362,188,0.019012
1363,187,0.018388
1364,186,0.013531
1365,185,0.017396
1366,184,0.008831
1367,183,0.008842
1368,182,0.016543
1369,181,0.025880
1370,180,0.021412
1371,179,0.024791
1372,178,0.038248
1373,177,0.029398
1374,176,0.010546
1375,175,0.022753
1376,174,0.012793
1377,173,0.028423
1378,172,0.026946
1379,171,0.016491
1380,170,0.020449
1381,169,0.015386
1382,168,0.029722
1383,167,0.028192
1384,166,0.009844
1385,165,0.014426
1386,164,0.015398
1387,163,0.009968
1388,162,0.012051
1389,161,0.024163
1390,160,0.033766
1391,159,0.016702
1392,158,0.018816
1393,157,0.014736
1394,156,0.025493
1395,155,0.010355
1396,154,0.009377
1397,153,0.013778
1398,152,0.017559
1399,151,0.017982
1400,150,0.017294
1401,149,0.019946
1402,148,0.013500
1403,147,0.018263
1404,146,0.009128
1405,145,0.015318
1406,144,0.011485
1407,143,0.016094
1408,142,0.038119
1409,141,0.025839
1410,140,0.014739
1411,139,0.010994
1412,138,0.017431
1413,137,0.016848
1414,136,0.011195
1415,135,0.022056
1416,134,0.010559
1417,133,0.023472
1418,132,0.043576
1419,131,0.007199
1420,130,0.016343
1421,129,0.028260
1422,128,0.023004
1423,127,0.020201
1424,126,0.016430
1425,125,0.014644
1426,124,0.013238
1427,123,0.016607
1428,122,0.021625
1429,121,0.016613
1430,120,0.012561
1431,119,0.015755
1432,118,0.021646
1433,117,0.039898
1434,116,0.026738
1435,115,0.033097
1436,114,0.013772
1437,113,0.021557
1438,112,0.021661
1439,111,0.043081
1440,110,0.026400
1441,109,0.016742
1442,108,0.018826
1443,107,0.029048
1444,106,0.027704
1445,105,0.014356
1446,104,0.022606
1447,103,0.028489
1448,102,0.095097
1449,101,0.018147
1450,100,0.022827
1451,99,0.023830
1452,98,0.014714
1453,97,0.015770
1454,96,0.019001
1455,95,0.013324
1456,94,0.035659
1457,93,0.019621
1458,92,0.020204
1459,91,0.010943
1460,90,0.019512
1461,89,0.016745
1462,88,0.023213
1463,87,0.030867
1464,86,0.014793
1465,85,0.036247
1466,84,0.028962
1467,83,0.023950
1468,82,0.017735
1469,81,0.015608
1470,80,0.012062
1471,79,0.018399
1472,78,0.013878
1473,77,0.032432
1474,76,0.026856
1475,75,0.028705
1476,74,0.013788
1477,73,0.020733
1478,72,0.014904
1479,71,0.016748
1480,70,0.024931
1481,69,0.016057
1482,68,0.014522
1483,67,0.026085
1484,66,0.014165
1485,65,0.013724
1486,64,0.018599
1487,63,0.015917
1488,62,0.023658
1489,61,0.025459
1490,60,0.021562
1491,59,0.009759
1492,58,0.016105
1493,57,0.034933
1494,56,0.019514
1495,55,0.020184
1496,54,0.027848
1497,53,0.024945
1498,52,0.023943
1499,51,0.028274
1500,50,0.011478
1501,49,0.015053
1502,48,0.024904
1503,47,0.027427
1504,46,0.043275
1505,45,0.028366
1506,44,0.008444
1507,43,0.019930
1508,42,0.026441
1509,41,0.012371
1510,40,0.019183
1511,39,0.018264
1512,38,0.017148
1513,37,0.014469
1514,36,0.017909
1515,35,0.019506
1516,34,0.019144
1517,33,0.019799
1518,32,0.027159
1519,31,0.016524
1520,30,0.017813
1521,29,0.010906
1522,28,0.012195
1523,27,0.034337
1524,26,0.033206
1525,25,0.029423
1526,24,0.007613
1527,23,0.007910
1528,22,0.011492
1529,21,0.026355
1530,20,0.009308
1531,19,0.015419
1532,18,0.018730
1533,17,0.026519
1534,16,0.032886
1535,15,0.017788
1536,14,0.025924
1537,13,0.020316
1538,12,0.019772
1539,11,0.027397
1540,10,nan
1541,9,nan
1542,8,nan
1543,7,nan
1544,6,nan
1545,5,nan
1546,4,nan
1547,3,nan
