pos,reference_pos,kmer,mean,stdv,n_obs
0,419,ACTCG,-0.609,0.231,114623
1,418,TACTC,-0.224,0.221,305311
2,417,GTACT,-0.563,0.17,123620
3,416,AGTAC,1.986,0.693,57166
4,415,GAGTA,1.741,0.326,131359
5,414,GGAGT,1.004,0.461,98844
6,413,TGGAG,1.325,0.257,217204
7,412,TTGGA,0.735,0.324,186779
8,411,TTTGG,-0.162,0.215,210312
9,410,TTTTG,-0.599,0.16,90187
10,409,GTTTT,-0.713,0.16,113068
11,408,AGTTT,1.332,0.607,59568
12,407,TAGTT,1.428,0.326,128140
13,406,TTAGT,0.29,0.306,201801
14,405,ATTAG,-0.545,0.199,296406
15,404,GATTA,-0.072,0.448,67796
16,403,TGATT,1.489,0.413,122062
17,402,TTGAT,1.052,0.364,148765
18,401,ATTGA,0.099,0.215,105736
19,400,TATTG,0.01,0.448,45895
20,399,ATATT,-0.126,0.213,221423
21,398,TATAT,0.02,0.509,48795
22,397,GTATA,-0.066,0.213,144106
23,396,AGTAT,1.556,0.693,73445
24,395,AAGTA,1.639,0.326,135341
25,394,AAAGT,0.91,0.329,93742
26,393,GAAAG,0.642,0.217,341837
27,392,CGAAA,0.714,0.45,57244
28,391,GCGAA,0.028,0.323,110075
29,390,TGCGA,-0.176,0.68,49240
30,389,ATGCG,-0.39,0.253,229250
31,388,TATGC,-0.834,0.313,184602
32,387,GTATG,-0.293,0.213,132240
33,386,TGTAT,0.522,0.693,65137
34,385,TTGTA,0.433,0.306,749577
35,384,TTTGT,-0.328,0.215,329567
36,383,ATTTG,-0.607,0.16,146400
37,382,AATTT,0.041,0.448,150104
38,381,TAATT,1.033,0.252,178835
39,380,CTAAT,0.413,0.246,119695
40,379,ACTAA,-0.209,0.213,118997
41,378,AACTA,0.112,0.221,277233
42,377,GAACT,0.578,0.279,81386
43,376,GGAAC,1.386,0.45,128563
44,375,GGGAA,1.545,0.257,290411
45,374,TGGGA,1.086,0.328,168995
46,373,CTGGG,0.777,0.324,228521
47,372,GCTGG,-0.243,0.231,111667
48,371,CGCTG,0.566,0.288,104932
49,370,CCGCT,-0.093,0.211,246257
50,369,GCCGC,-0.537,0.225,94494
51,368,AGCCG,1.194,0.267,104287
52,367,GAGCC,0.88,0.244,129897
53,366,GGAGC,2.01,0.461,90092
54,365,TGGAG,1.711,0.257,175640
55,364,CTGGA,1.008,0.324,138713
56,363,ACTGG,-0.036,0.231,235122
57,362,CACTG,-0.336,0.221,57836
58,361,ACACT,-0.481,0.152,144985
59,360,AACAC,0.067,0.258,182456
60,359,CAACA,0.176,0.279,112794
61,358,GCAAC,-0.504,0.245,124006
62,357,TGCAA,0.709,0.312,103774
63,356,ATGCA,-0.637,0.253,189056
64,355,GATGC,-0.901,0.313,180289
65,354,TGATG,1.673,0.413,91403
66,353,GTGAT,0.858,0.364,464476
67,352,AGTGA,0.629,0.785,80314
68,351,AAGTG,1.205,0.326,250000
69,350,GAAGT,0.661,0.329,216812
70,349,TGAAG,1.323,0.45,144974
71,348,ATGAA,-0.308,0.364,97242
72,347,GATGA,-0.868,0.313,247562
73,346,GGATG,1.586,0.413,173636
74,345,CGGAT,1.976,0.257,411710
75,344,GCGGA,0.729,0.404,118208
76,343,AGCGG,0.751,0.68,56808
77,342,TAGCG,0.732,0.244,393349
78,341,CTAGC,0.281,0.306,136640
79,340,GCTAG,-0.326,0.213,84633
80,339,AGCTA,1.357,0.288,117601
81,338,GAGCT,1.017,0.244,161769
82,337,GGAGC,1.635,0.461,72930
83,336,GGGAG,1.491,0.257,141244
84,335,TGGGA,1.082,0.328,111724
85,334,ATGGG,0.106,0.324,97969
86,333,AATGG,-0.453,0.313,172001
87,332,TAATG,0.711,0.252,110217
88,331,TTAAT,0.322,0.246,183532
89,330,CTTAA,-0.251,0.199,169570
90,329,CCTTA,-0.787,0.196,129696
91,328,TCCTT,-0.936,0.19,143057
92,327,CTCCT,-1.08,0.186,156850
93,326,TCTCC,-0.864,0.231,70499
94,325,CTCTC,-0.632,0.167,195086
95,324,CCTCT,-0.864,0.231,80062
96,323,ACCTC,-1.145,0.19,98440
97,322,GACCT,-0.622,0.228,89101
98,321,GGACC,1.736,0.388,113319
99,320,CGGAC,1.498,0.257,271681
100,319,TCGGA,0.606,0.404,125025
101,318,GTCGG,-0.572,0.187,103942
102,317,AGTCG,1.367,0.492,66621
103,316,TAGTC,1.323,0.326,133651
104,315,ATAGT,0.09,0.306,151487
105,314,TATAG,0.137,0.509,49748
106,313,ATATA,-0.376,0.213,112668
107,312,GATAT,0.267,0.509,68774
108,311,AGATA,2.472,0.413,117442
109,310,AAGAT,1.918,0.476,74617
110,309,TAAGA,1.182,0.329,110149
111,308,ATAAG,-0.05,0.246,77518
112,307,CATAA,-0.059,0.509,47520
113,306,TCATA,-0.07,0.173,190582
114,305,CTCAT,-0.563,0.186,168813
115,304,TCTCA,-0.719,0.231,51573
116,303,TTCTC,-0.787,0.167,224513
117,302,CTTCT,-0.685,0.168,223290
118,301,TCTTC,-0.728,0.196,55364
119,300,TTCTT,-0.64,0.167,262300
120,299,ATTCT,-0.538,0.168,264889
121,298,TATTC,0.038,0.448,64133
122,297,GTATT,0.119,0.213,516594
123,296,TGTAT,0.644,0.693,80934
124,295,ATGTA,-0.447,0.306,169870
125,294,GATGT,-1.029,0.313,515682
126,293,AGATG,2.304,0.413,140698
127,292,AAGAT,1.748,0.476,119290
128,291,GAAGA,0.76,0.329,218349
129,290,GGAAG,1.037,0.45,64973
130,289,GGGAA,1.398,0.257,193105
131,288,GGGGA,1.165,0.328,209921
132,287,CGGGG,0.999,0.328,307240
133,286,TCGGG,-0.17,0.404,142392
134,285,GTCGG,-0.816,0.187,98884
135,284,GGTCG,0.671,0.492,74681
136,283,CGGTC,1.358,0.273,145287
137,282,TCGGT,0.001,0.404,210550
138,281,GTCGG,-0.552,0.187,126625
139,280,TGTCG,0.878,0.492,112082
140,279,ATGTC,-0.033,0.306,122746
141,278,AATGT,-0.295,0.313,118831
142,277,AAATG,1.305,0.252,187107
143,276,TAAAT,0.584,0.217,132056
144,275,CTAAA,0.383,0.246,229365
145,274,ACTAA,-0.061,0.213,102422
146,273,GACTA,0.098,0.221,121553
147,272,AGACT,1.987,0.388,230095
148,271,CAGAC,1.139,0.476,85099
149,270,ACAGA,0.659,0.413,77250
150,269,CACAG,-0.502,0.258,151929
151,268,TCACA,-1.0,0.152,190669
152,267,TTCAC,-0.891,0.186,67293
153,266,GTTCA,-0.796,0.168,159338
154,265,AGTTC,1.302,0.607,63911
155,264,CAGTT,1.586,0.326,159790
156,263,GCAGT,0.19,0.413,87142
157,262,TGCAG,0.354,0.312,154221
158,261,ATGCA,-0.749,0.253,122767
159,260,GATGC,-1.185,0.313,210555
160,259,GGATG,1.613,0.413,67926
161,258,TGGAT,1.797,0.257,147938
162,257,ATGGA,0.727,0.324,104305
163,256,TATGG,-0.035,0.313,96186
164,255,ATATG,-0.419,0.213,148951
165,254,GATAT,0.173,0.509,94922
166,253,TGATA,1.795,0.413,88262
167,252,TTGAT,0.839,0.364,258872
168,251,GTTGA,-0.028,0.215,149410
169,250,TGTTG,0.722,0.607,58386
170,249,CTGTT,0.666,0.306,225776
171,248,TCTGT,-0.272,0.231,105893
172,247,TTCTG,-0.607,0.167,214028
173,246,CTTCT,-0.776,0.168,283241
174,245,TCTTC,-0.906,0.196,145319
175,244,ATCTT,-0.667,0.167,137508
176,243,GATCT,-0.154,0.462,113087
177,242,AGATC,2.132,0.413,212736
178,241,CAGAT,1.16,0.476,104486
179,240,ACAGA,0.034,0.413,49656
180,239,AACAG,-0.243,0.258,276589
181,238,CAACA,-0.131,0.279,93202
182,237,TCAAC,-0.395,0.245,364725
183,236,GTCAA,-0.699,0.186,163577
184,235,AGTCA,1.023,0.492,74140
185,234,AAGTC,1.21,0.326,139959
186,233,TAAGT,0.448,0.329,395479
187,232,CTAAG,0.151,0.246,153790
188,231,CCTAA,-0.642,0.213,135059
189,230,TCCTA,-0.968,0.19,97419
190,229,GTCCT,-1.143,0.186,109123
191,228,AGTCC,1.642,0.492,77253
192,227,AAGTC,1.422,0.326,118083
193,226,CAAGT,0.694,0.329,146775
194,225,CCAAG,-0.281,0.245,232494
195,224,GCCAA,-0.771,0.171,109929
196,223,AGCCA,1.059,0.267,98709
197,222,CAGCC,0.799,0.244,104359
198,221,GCAGC,0.003,0.413,100853
199,220,CGCAG,0.349,0.312,102239
200,219,ACGCA,-0.58,0.211,189625
201,218,CACGC,-0.607,0.258,47663
202,217,CCACG,-0.823,0.152,367844
203,216,ACCAC,-0.961,0.171,220910
204,215,AACCA,-0.424,0.228,119509
205,214,TAACC,0.22,0.279,95682
206,213,CTAAC,0.094,0.246,199996
207,212,CCTAA,-0.498,0.213,120665
208,211,TCCTA,-1.284,0.19,144051
209,210,GTCCT,-1.147,0.186,152870
210,209,GGTCC,1.318,0.492,74173
211,208,TGGTC,1.284,0.273,159346
212,207,ATGGT,0.386,0.324,108237
213,206,CATGG,-0.421,0.313,173354
214,205,ACATG,-0.824,0.173,197633
215,204,GACAT,-0.603,0.258,83117
216,203,GGACA,1.524,0.388,73385
217,202,CGGAC,1.598,0.257,234506
218,201,ACGGA,-0.002,0.404,95974
219,200,GACGG,-0.736,0.258,119022
220,199,TGACG,1.164,0.388,138455
221,198,CTGAC,0.688,0.364,253287
222,197,GCTGA,-0.124,0.231,209213
223,196,AGCTG,1.152,0.288,119103
224,195,AAGCT,0.932,0.244,201081
225,194,TAAGC,0.62,0.329,68198
226,193,ATAAG,-0.269,0.246,757444
227,192,AATAA,0.382,0.509,136611
228,191,TAATA,0.965,0.252,180589
229,190,GTAAT,0.099,0.246,190300
230,189,GGTAA,0.815,0.693,93920
231,188,TGGTA,1.485,0.273,124437
232,187,ATGGT,0.378,0.324,206717
233,186,TATGG,-0.147,0.313,59241
234,185,GTATG,-0.214,0.213,183953
235,184,GGTAT,1.555,0.693,100429
236,183,GGGTA,1.594,0.273,530643
237,182,AGGGT,1.348,0.328,280876
238,181,AAGGG,1.373,0.635,49854
239,180,AAAGG,0.908,0.329,95084
240,179,CAAAG,0.61,0.217,168419
241,178,GCAAA,-0.557,0.245,156105
242,177,TGCAA,0.792,0.312,119930
243,176,TTGCA,0.283,0.253,190279
244,175,CTTGC,-0.397,0.215,131753
245,174,CCTTG,-0.745,0.196,95589
246,173,GCCTT,-1.106,0.19,85005
247,172,GGCCT,0.702,0.267,211687
248,171,TGGCC,0.725,0.43,53153
249,170,ATGGC,-0.332,0.324,130485
250,169,GATGG,-0.819,0.313,138722
251,168,AGATG,2.216,0.413,463553
252,167,GAGAT,1.847,0.476,378922
253,166,TGAGA,1.337,0.461,441485
254,165,TTGAG,0.772,0.364,614950
255,164,TTTGA,-0.127,0.215,215779
256,163,CTTTG,-0.488,0.16,161023
257,162,ACTTT,-0.294,0.196,87204
258,161,AACTT,0.36,0.221,92267
259,160,AAACT,1.063,0.279,117880
260,159,GAAAC,0.896,0.217,265415
261,158,GGAAA,1.817,0.45,113561
262,157,GGGAA,1.571,0.257,208603
263,156,GGGGA,1.287,0.328,160782
264,155,AGGGG,1.143,0.328,207087
265,154,CAGGG,0.632,0.635,55875
266,153,TCAGG,-0.106,0.413,67935
267,152,CTCAG,-0.772,0.186,84214
268,151,TCTCA,-0.96,0.231,110069
269,150,GTCTC,-0.756,0.167,204816
270,149,AGTCT,1.365,0.492,79104
271,148,AAGTC,1.367,0.326,149749
272,147,CAAGT,0.61,0.329,162371
273,146,CCAAG,-0.166,0.245,91476
274,145,ACCAA,-1.077,0.171,133615
275,144,TACCA,-0.758,0.228,159103
276,143,GTACC,-0.931,0.17,188186
277,142,AGTAC,1.586,0.693,85173
278,141,CAGTA,1.783,0.326,273398
279,140,TCAGT,0.213,0.413,128888
280,139,TTCAG,-0.746,0.186,111510
281,138,GTTCA,-0.561,0.168,128296
282,137,CGTTC,1.05,0.607,121353
283,136,CCGTT,0.033,0.247,499829
284,135,GCCGT,-0.602,0.225,204880
285,134,AGCCG,1.179,0.267,212660
286,133,CAGCC,0.942,0.244,231209
287,132,ACAGC,-0.098,0.413,49752
288,131,AACAG,-0.237,0.258,193659
289,130,CAACA,0.013,0.279,132954
290,129,TCAAC,-0.379,0.245,558804
291,128,GTCAA,-0.674,0.186,143733
292,127,GGTCA,0.761,0.492,76094
293,126,GGGTC,1.203,0.273,380745
294,125,GGGGT,1.46,0.328,142249
295,124,AGGGG,1.112,0.328,84599
296,123,AAGGG,1.354,0.635,49889
297,122,AAAGG,1.006,0.329,93222
298,121,GAAAG,0.651,0.217,248171
299,120,GGAAA,1.551,0.45,81309
300,119,GGGAA,1.552,0.257,199262
301,118,CGGGA,1.181,0.328,135047
302,117,GCGGG,-0.014,0.404,117824
303,116,TGCGG,0.456,0.68,64696
304,115,TTGCG,0.12,0.253,189209
305,114,ATTGC,-0.421,0.215,215423
306,113,AATTG,0.44,0.448,168960
307,112,AAATT,1.385,0.252,143335
308,111,CAAAT,1.184,0.217,144928
309,110,TCAAA,-0.097,0.245,223945
310,109,GTCAA,-0.628,0.186,181699
311,108,CGTCA,0.232,0.492,68408
312,107,CCGTC,0.129,0.247,136786
313,106,ACCGT,-0.821,0.225,162505
314,105,GACCG,-0.622,0.228,104421
315,104,AGACC,1.85,0.388,121730
316,103,AAGAC,1.557,0.476,67153
317,102,CAAGA,0.939,0.329,114629
318,101,GCAAG,-0.444,0.245,298508
319,100,GGCAA,0.928,0.312,192753
320,99,AGGCA,1.388,0.43,195470
321,98,AAGGC,1.638,0.635,68035
322,97,AAAGG,1.009,0.329,142679
323,96,AAAAG,0.526,0.217,126445
324,95,TAAAA,0.58,0.217,114874
325,94,TTAAA,0.086,0.246,98983
326,93,TTTAA,-0.406,0.199,138812
327,92,GTTTA,-0.735,0.16,98380
328,91,GGTTT,0.91,0.607,115180
329,90,CGGTT,1.576,0.273,202249
330,89,TCGGT,0.432,0.404,114874
331,88,ATCGG,-0.484,0.187,162884
332,87,CATCG,-0.187,0.462,60386
333,86,GCATC,-0.527,0.173,132180
334,85,TGCAT,0.781,0.312,100190
335,84,TTGCA,0.101,0.253,129984
336,83,ATTGC,-0.395,0.215,193137
337,82,GATTG,0.009,0.448,83798
338,81,AGATT,2.28,0.413,142974
339,80,TAGAT,1.757,0.476,72061
340,79,ATAGA,0.924,0.306,79845
341,78,AATAG,0.248,0.509,103132
342,77,CAATA,0.939,0.252,117986
343,76,CCAAT,0.015,0.245,409061
344,75,ACCAA,-0.74,0.171,141125
345,74,AACCA,-0.385,0.228,126499
346,73,AAACC,0.175,0.279,74258
347,72,TAAAC,0.523,0.217,323565
348,71,TTAAA,0.016,0.246,108570
349,70,TTTAA,-0.411,0.199,132289
350,69,CTTTA,-0.663,0.16,272550
351,68,TCTTT,-0.645,0.196,49921
352,67,GTCTT,-0.812,0.167,287114
353,66,AGTCT,1.479,0.492,99066
354,65,TAGTC,1.307,0.326,204346
355,64,CTAGT,0.237,0.306,108103
356,63,GCTAG,-0.467,0.213,112036
357,62,AGCTA,1.217,0.288,127299
358,61,TAGCT,0.875,0.244,140202
359,60,GTAGC,0.306,0.306,159930
360,59,GGTAG,1.108,0.693,65444
361,58,TGGTA,1.476,0.273,260403
362,57,CTGGT,0.85,0.324,326499
363,56,CCTGG,0.144,0.231,130396
364,55,ACCTG,-0.978,0.19,112298
365,54,CACCT,-0.678,0.228,119402
366,53,GCACC,-1.024,0.152,125584
367,52,TGCAC,0.823,0.312,72148
368,51,ATGCA,-0.288,0.253,131461
369,50,CATGC,-0.87,0.313,183207
370,49,GCATG,-0.633,0.173,502779
371,48,GGCAT,0.809,0.312,197255
372,47,AGGCA,1.203,0.43,114232
373,46,CAGGC,1.302,0.635,54511
374,45,TCAGG,0.036,0.413,161731
375,44,ATCAG,-0.922,0.186,721694
376,43,TATCA,-0.324,0.462,62684
377,42,TTATC,0.013,0.213,199928
378,41,GTTAT,-0.489,0.199,234623
379,40,AGTTA,1.182,0.607,68349
380,39,AAGTT,1.594,0.326,197030
381,38,AAAGT,0.996,0.329,117847
382,37,AAAAG,0.541,0.217,102247
383,36,GAAAA,0.757,0.217,88564
384,35,GGAAA,1.597,0.45,45312
385,34,GGGAA,1.538,0.257,120069
386,33,AGGGA,1.218,0.328,75955
387,32,GAGGG,1.519,0.635,28797
388,31,GGAGG,1.289,0.461,28404
389,30,TGGAG,1.431,0.257,115900
390,29,TTGGA,0.712,0.324,64967
391,28,TTTGG,-0.13,0.215,87602
392,27,CTTTG,-0.515,0.16,104765
393,26,CCTTT,-0.769,0.196,49006
394,25,ACCTT,-0.908,0.19,49200
395,24,TACCT,-0.494,0.228,64556
396,23,TTACC,-0.792,0.17,52989
397,22,TTTAC,-0.431,0.199,65628
398,21,ATTTA,-0.814,0.16,55049
399,20,TATTT,-0.307,0.448,11311
400,19,ATATT,0.029,0.213,24666
401,18,AATAT,0.437,0.509,7642
402,17,CAATA,1.011,0.252,17839
403,16,GCAAT,-0.172,0.245,14681
404,15,AGCAA,1.107,0.312,9842
405,14,TAGCA,0.759,0.244,15254
406,13,ATAGC,0.118,0.306,37426
407,12,AATAG,0.552,0.509,10860
408,11,AAATA,1.166,0.252,31790
409,10,TAAAT,0.981,0.217,75049
410,9,CTAAA,0.291,0.246,16471
411,8,TCTAA,-0.414,0.213,6433
412,7,CTCTA,-0.649,0.167,3898
413,6,TCTCT,-0.62,0.231,1670
414,5,CTCTC,-0.852,0.167,1567
415,4,GCTCT,-0.594,0.231,576
416,3,GGCTC,0.936,0.288,4699
